{"cameraMode":{"drawMode":0,"name":"Shaded","section":"Shading Mode"},"sceneLighting":false,"audioPlay":false,"sceneViewState":{"m_AlwaysRefresh":false,"showFog":true,"showSkybox":false,"showFlares":true,"showImageEffects":true,"showParticleSystems":true,"showVisualEffectGraphs":true,"m_FxEnabled":true},"in2DMode":false,"pivot":{"x":0.009315818548202515,"y":0.8923872709274292,"z":0.008031696081161499},"rotation":{"x":-0.03932861238718033,"y":-0.9642858505249023,"z":0.14609450101852418,"w":-0.2233312726020813},"size":1.1122225522994996,"orthographic":false}